{"text": "I got the job! I am so excited about this new opportunity and I can not wait to get started.", "cosine_similarities": {"us": 0.8586822748184204, "br": 0.868976354598999, "india": 0.835678219795227, "au": 0.870448112487793}}